-- Script was generated by Devart dbForge Studio for MySQL, Version 5.0.67.0
-- Product Home Page: http://www.devart.com/dbforge/mysql/studio
-- Script date 02-03-2016 01:36:53 p.m.
-- Source server version: 5.6.21
-- Source connection string: User Id=root;Host=localhost;Character Set=utf8;
-- Target server version: 5.6.21
-- Target connection string: User Id=root;Host=localhost;Character Set=utf8;
-- Run this script against db_mtvmcotizacionv2 to synchronize it with db_mtvmcotizacionv2
-- Please backup your target database before running this script

--
-- Disable foreign keys
--
/*!40014 SET @OLD_FOREIGN_KEY_CHECKS=@@FOREIGN_KEY_CHECKS, FOREIGN_KEY_CHECKS=0 */;

SET NAMES 'utf8';
USE db_mtvmcotizacionv2;

--
-- Alter table direccion_tipodeedificacion
--
ALTER TABLE direccion_tipodeedificacion
  ADD COLUMN nombre TINYINT(1) NOT NULL AFTER descripcion;

--
-- Create table material_tipodematerial
--
CREATE TABLE material_tipodematerial (
  id INT(11) NOT NULL AUTO_INCREMENT,
  tipo_de_material VARCHAR(100) NOT NULL,
  descripcion LONGTEXT NOT NULL,
  PRIMARY KEY (id)
)
ENGINE = INNODB
CHARACTER SET utf8
COLLATE utf8_unicode_ci;

--
-- Alter table menu_menu
--
ALTER TABLE menu_menu
  DROP INDEX menu,
  CHANGE COLUMN menu menu VARCHAR(250) NOT NULL,
  CHANGE COLUMN transaccion transaccion VARCHAR(20) NOT NULL;

ALTER TABLE menu_menu
  ADD UNIQUE INDEX menu_menu_transaccion_517a1e01_uniq (transaccion);

ALTER TABLE menu_menu
  DROP FOREIGN KEY menu_menu_menu_padre_id_2e39653d_fk_menu_menu_id;
ALTER TABLE menu_menu
  ADD CONSTRAINT menu_menu_menu_padre_id_2e39653d_fk_menu_menu_id FOREIGN KEY (menu_padre_id)
    REFERENCES menu_menu(id) ON DELETE RESTRICT ON UPDATE RESTRICT;

--
-- Create table premisas_unidad
--
CREATE TABLE premisas_unidad (
  id INT(11) NOT NULL AUTO_INCREMENT,
  unidad VARCHAR(20) NOT NULL,
  descripcion LONGTEXT NOT NULL,
  PRIMARY KEY (id),
  UNIQUE INDEX unidad (unidad)
)
ENGINE = INNODB
CHARACTER SET utf8
COLLATE utf8_unicode_ci;

--
-- Create table talonario_tipodedocumentoimpreso
--
CREATE TABLE talonario_tipodedocumentoimpreso (
  id INT(11) NOT NULL AUTO_INCREMENT,
  tipo_de_documento_impreso VARCHAR(100) NOT NULL,
  descripcion LONGTEXT NOT NULL,
  PRIMARY KEY (id)
)
ENGINE = INNODB
CHARACTER SET utf8
COLLATE utf8_unicode_ci;

--
-- Alter table trabajador_cargotrabajador
--
ALTER TABLE trabajador_cargotrabajador
  DROP FOREIGN KEY trabaja_cargo_padre_id_2378121d_fk_trabajador_cargotrabajador_id;
ALTER TABLE trabajador_cargotrabajador
  ADD CONSTRAINT trabaja_cargo_padre_id_2378121d_fk_trabajador_cargotrabajador_id FOREIGN KEY (cargo_padre_id)
    REFERENCES trabajador_cargotrabajador(id) ON DELETE RESTRICT ON UPDATE RESTRICT;

--
-- Alter table cliente_cliente
--
ALTER TABLE cliente_cliente
  ADD COLUMN cuit VARCHAR(100) NOT NULL AFTER tipo_de_cliente_id,
  ADD COLUMN nombre VARCHAR(300) NOT NULL AFTER cuit,
  ADD COLUMN observaciones LONGTEXT NOT NULL AFTER nombre;

--
-- Create table herramienta_herramienta
--
CREATE TABLE herramienta_herramienta (
  id INT(11) NOT NULL AUTO_INCREMENT,
  herramienta VARCHAR(100) NOT NULL,
  descripcion LONGTEXT NOT NULL,
  volumen_en_camion INT(11) NOT NULL,
  peso_kg DECIMAL(9, 2) NOT NULL,
  unidad_id INT(11) NOT NULL,
  PRIMARY KEY (id),
  UNIQUE INDEX herramienta (herramienta),
  INDEX herramienta_herramienta_unidad_id_2275d2a3_fk_premisas_unidad_id (unidad_id),
  CONSTRAINT herramienta_herramienta_unidad_id_2275d2a3_fk_premisas_unidad_id FOREIGN KEY (unidad_id)
    REFERENCES premisas_unidad(id) ON DELETE RESTRICT ON UPDATE RESTRICT
)
ENGINE = INNODB
CHARACTER SET utf8
COLLATE utf8_unicode_ci;

--
-- Create table material_material
--
CREATE TABLE material_material (
  id INT(11) NOT NULL AUTO_INCREMENT,
  material VARCHAR(100) NOT NULL,
  descripcion LONGTEXT NOT NULL,
  relacion_consumo_venta DECIMAL(9, 2) NOT NULL,
  ancho DECIMAL(7, 2) NOT NULL,
  largo DECIMAL(7, 2) NOT NULL,
  alto DECIMAL(7, 2) NOT NULL,
  peso_unidad_consumo_kg DECIMAL(9, 3) NOT NULL,
  cotizable TINYINT(1) NOT NULL,
  tipo_de_material_id INT(11) NOT NULL,
  unidad_de_consumo_id INT(11) NOT NULL,
  unidad_de_venta_id INT(11) NOT NULL,
  PRIMARY KEY (id),
  INDEX material_material_03520e42 (unidad_de_consumo_id),
  INDEX material_material_ce7badf3 (unidad_de_venta_id),
  INDEX material_material_fcceed0b (tipo_de_material_id),
  CONSTRAINT mater_tipo_de_material_id_46fee1b5_fk_material_tipodematerial_id FOREIGN KEY (tipo_de_material_id)
    REFERENCES material_tipodematerial(id) ON DELETE RESTRICT ON UPDATE RESTRICT,
  CONSTRAINT material_mat_unidad_de_consumo_id_4621ea5a_fk_premisas_unidad_id FOREIGN KEY (unidad_de_consumo_id)
    REFERENCES premisas_unidad(id) ON DELETE RESTRICT ON UPDATE RESTRICT,
  CONSTRAINT material_materi_unidad_de_venta_id_2b9db95_fk_premisas_unidad_id FOREIGN KEY (unidad_de_venta_id)
    REFERENCES premisas_unidad(id) ON DELETE RESTRICT ON UPDATE RESTRICT
)
ENGINE = INNODB
CHARACTER SET utf8
COLLATE utf8_unicode_ci;

--
-- Create table menu_relacion
--
CREATE TABLE menu_relacion (
  id INT(11) NOT NULL AUTO_INCREMENT,
  nombre VARCHAR(250) NOT NULL,
  item_origen_id INT(11) NOT NULL,
  item_relacion_id INT(11) NOT NULL,
  PRIMARY KEY (id),
  INDEX menu_relacion_26a7734e (item_origen_id),
  INDEX menu_relacion_5fe6c39a (item_relacion_id),
  CONSTRAINT menu_relacion_item_origen_id_70c122bb_fk_menu_menu_id FOREIGN KEY (item_origen_id)
    REFERENCES menu_menu(id) ON DELETE RESTRICT ON UPDATE RESTRICT,
  CONSTRAINT menu_relacion_item_relacion_id_2eeafeb1_fk_menu_menu_id FOREIGN KEY (item_relacion_id)
    REFERENCES menu_menu(id) ON DELETE RESTRICT ON UPDATE RESTRICT
)
ENGINE = INNODB
CHARACTER SET utf8
COLLATE utf8_unicode_ci;

--
-- Create table servicio_servicio
--
CREATE TABLE servicio_servicio (
  id INT(11) NOT NULL AUTO_INCREMENT,
  servicio VARCHAR(100) NOT NULL,
  descripcion LONGTEXT NOT NULL,
  unidad_de_venta_id INT(11) NOT NULL,
  PRIMARY KEY (id),
  INDEX servicio_servi_unidad_de_venta_id_497a28bc_fk_premisas_unidad_id (unidad_de_venta_id),
  CONSTRAINT servicio_servi_unidad_de_venta_id_497a28bc_fk_premisas_unidad_id FOREIGN KEY (unidad_de_venta_id)
    REFERENCES premisas_unidad(id) ON DELETE RESTRICT ON UPDATE RESTRICT
)
ENGINE = INNODB
CHARACTER SET utf8
COLLATE utf8_unicode_ci;

--
-- Create table talonario_talonario
--
CREATE TABLE talonario_talonario (
  id INT(11) NOT NULL AUTO_INCREMENT,
  talonario VARCHAR(100) NOT NULL,
  descripcion LONGTEXT NOT NULL,
  prefijo VARCHAR(10) NOT NULL,
  separador VARCHAR(10) NOT NULL,
  numero_desde VARCHAR(50) NOT NULL,
  numero_hasta VARCHAR(50) NOT NULL,
  separado_sufijo VARCHAR(10) NOT NULL,
  sufijo VARCHAR(10) NOT NULL,
  numeracion_correlativa TINYINT(1) NOT NULL,
  numero_de_documento INT(11) NOT NULL,
  cantidad_fija TINYINT(1) NOT NULL,
  tipo_de_documento_impreso_id INT(11) NOT NULL,
  PRIMARY KEY (id),
  INDEX talonario_talonario_a2d0f438 (tipo_de_documento_impreso_id),
  CONSTRAINT c9a1dc01832a89b93a05ee5dea392c58 FOREIGN KEY (tipo_de_documento_impreso_id)
    REFERENCES talonario_tipodedocumentoimpreso(id) ON DELETE RESTRICT ON UPDATE RESTRICT
)
ENGINE = INNODB
CHARACTER SET utf8
COLLATE utf8_unicode_ci;

--
-- Alter table cliente_contacto
--
ALTER TABLE cliente_contacto
  CHANGE COLUMN fecha_nacimiento fecha_nacimiento DATE DEFAULT NULL;

--
-- Create table herramienta_dotacionbasicadecamion
--
CREATE TABLE herramienta_dotacionbasicadecamion (
  id INT(11) NOT NULL AUTO_INCREMENT,
  cantidad INT(11) NOT NULL,
  detalle_de_vehiculo_id INT(11) NOT NULL,
  herramienta_id INT(11) NOT NULL,
  PRIMARY KEY (id),
  INDEX e27bd33f475ef5319887eb066f3cca57 (detalle_de_vehiculo_id),
  INDEX herramienta_dotacionbasicadecamion_590f1392 (herramienta_id),
  CONSTRAINT e27bd33f475ef5319887eb066f3cca57 FOREIGN KEY (detalle_de_vehiculo_id)
    REFERENCES vehiculo_detalledevehiculo(id) ON DELETE RESTRICT ON UPDATE RESTRICT,
  CONSTRAINT herramient_herramienta_id_6eff8704_fk_herramienta_herramienta_id FOREIGN KEY (herramienta_id)
    REFERENCES herramienta_herramienta(id) ON DELETE RESTRICT ON UPDATE RESTRICT
)
ENGINE = INNODB
CHARACTER SET utf8
COLLATE utf8_unicode_ci;

--
-- Create table material_materialesporservicio
--
CREATE TABLE material_materialesporservicio (
  id INT(11) NOT NULL AUTO_INCREMENT,
  cantidad DECIMAL(9, 2) NOT NULL,
  calculo VARCHAR(200) NOT NULL,
  material_id INT(11) NOT NULL,
  servicio_id INT(11) NOT NULL,
  PRIMARY KEY (id),
  INDEX material_materiales_material_id_53bf5842_fk_material_material_id (material_id),
  INDEX material_materialesporservicio_4bb699dc (servicio_id),
  CONSTRAINT material_materiales_material_id_53bf5842_fk_material_material_id FOREIGN KEY (material_id)
    REFERENCES material_material(id) ON DELETE RESTRICT ON UPDATE RESTRICT,
  CONSTRAINT material_materiales_servicio_id_220e584a_fk_servicio_servicio_id FOREIGN KEY (servicio_id)
    REFERENCES servicio_servicio(id) ON DELETE RESTRICT ON UPDATE RESTRICT
)
ENGINE = INNODB
CHARACTER SET utf8
COLLATE utf8_unicode_ci;

--
-- Create table material_preciodematerial
--
CREATE TABLE material_preciodematerial (
  id INT(11) NOT NULL AUTO_INCREMENT,
  precio DECIMAL(9, 2) NOT NULL,
  fecha_desde DATE NOT NULL,
  fecha_hasta DATE NOT NULL,
  infinito TINYINT(1) NOT NULL,
  fecha_preparacion DATE NOT NULL,
  fecha_aprobacion DATE NOT NULL,
  aprobado TINYINT(1) NOT NULL,
  material_id INT(11) NOT NULL,
  user_aprobador_id INT(11) DEFAULT NULL,
  user_preparador_id INT(11) NOT NULL,
  PRIMARY KEY (id),
  INDEX material_preciodema_material_id_583392c6_fk_material_material_id (material_id),
  INDEX material_preciodemat_user_preparador_id_28467901_fk_auth_user_id (user_preparador_id),
  INDEX material_preciodemate_user_aprobador_id_7e8fd742_fk_auth_user_id (user_aprobador_id),
  CONSTRAINT material_preciodema_material_id_583392c6_fk_material_material_id FOREIGN KEY (material_id)
    REFERENCES material_material(id) ON DELETE RESTRICT ON UPDATE RESTRICT,
  CONSTRAINT material_preciodemat_user_preparador_id_28467901_fk_auth_user_id FOREIGN KEY (user_preparador_id)
    REFERENCES auth_user(id) ON DELETE RESTRICT ON UPDATE RESTRICT,
  CONSTRAINT material_preciodemate_user_aprobador_id_7e8fd742_fk_auth_user_id FOREIGN KEY (user_aprobador_id)
    REFERENCES auth_user(id) ON DELETE RESTRICT ON UPDATE RESTRICT
)
ENGINE = INNODB
CHARACTER SET utf8
COLLATE utf8_unicode_ci;

--
-- Create table servicio_complejidadservicio
--
CREATE TABLE servicio_complejidadservicio (
  id INT(11) NOT NULL AUTO_INCREMENT,
  descripcion VARCHAR(100) NOT NULL,
  porcentaje DECIMAL(5, 2) NOT NULL,
  predefinido TINYINT(1) NOT NULL,
  servicio_id INT(11) NOT NULL,
  PRIMARY KEY (id),
  INDEX servicio_complejidadservicio_4bb699dc (servicio_id),
  CONSTRAINT servicio_complejidad_servicio_id_adc12fc_fk_servicio_servicio_id FOREIGN KEY (servicio_id)
    REFERENCES servicio_servicio(id) ON DELETE RESTRICT ON UPDATE RESTRICT
)
ENGINE = INNODB
CHARACTER SET utf8
COLLATE utf8_unicode_ci;

--
-- Create table servicio_herramientasporservicio
--
CREATE TABLE servicio_herramientasporservicio (
  id INT(11) NOT NULL AUTO_INCREMENT,
  cantidad DECIMAL(9, 2) NOT NULL,
  calculo VARCHAR(200) NOT NULL,
  herramienta_id INT(11) NOT NULL,
  servicio_id INT(11) NOT NULL,
  PRIMARY KEY (id),
  INDEX servicio_h_herramienta_id_4b303ac1_fk_herramienta_herramienta_id (herramienta_id),
  INDEX servicio_herramientasporservicio_4bb699dc (servicio_id),
  CONSTRAINT servicio_h_herramienta_id_4b303ac1_fk_herramienta_herramienta_id FOREIGN KEY (herramienta_id)
    REFERENCES herramienta_herramienta(id) ON DELETE RESTRICT ON UPDATE RESTRICT,
  CONSTRAINT servicio_herramient_servicio_id_755b5145_fk_servicio_servicio_id FOREIGN KEY (servicio_id)
    REFERENCES servicio_servicio(id) ON DELETE RESTRICT ON UPDATE RESTRICT
)
ENGINE = INNODB
CHARACTER SET utf8
COLLATE utf8_unicode_ci;

--
-- Create table servicio_preciodeservicio
--
CREATE TABLE servicio_preciodeservicio (
  id INT(11) NOT NULL AUTO_INCREMENT,
  precio_base DECIMAL(9, 2) NOT NULL,
  cantidad_de_gracia DECIMAL(9, 2) NOT NULL,
  intervalo_1 DECIMAL(9, 2) NOT NULL,
  porcentaje_1 DECIMAL(9, 2) NOT NULL,
  intervalo_2 DECIMAL(9, 2) NOT NULL,
  porcentaje_2 DECIMAL(9, 2) NOT NULL,
  intervalo_3 DECIMAL(9, 2) NOT NULL,
  porcentaje_3 DECIMAL(9, 2) NOT NULL,
  redondeo DECIMAL(9, 2) NOT NULL,
  fecha_desde DATE NOT NULL,
  fecha_hasta DATE NOT NULL,
  infinito TINYINT(1) NOT NULL,
  fecha_preparacion DATE NOT NULL,
  fecha_aprobacion DATE NOT NULL,
  aprobado TINYINT(1) NOT NULL,
  servicio_id INT(11) NOT NULL,
  user_aprobador_id INT(11) DEFAULT NULL,
  user_preparador_id INT(11) NOT NULL,
  PRIMARY KEY (id),
  INDEX servicio_preciodeservicio_4bb699dc (servicio_id),
  INDEX servicio_preciodeservicio_76e3b4be (user_preparador_id),
  INDEX servicio_preciodeservicio_7af25b10 (user_aprobador_id),
  CONSTRAINT servicio_preciodese_servicio_id_64c592a1_fk_servicio_servicio_id FOREIGN KEY (servicio_id)
    REFERENCES servicio_servicio(id) ON DELETE RESTRICT ON UPDATE RESTRICT,
  CONSTRAINT servicio_preciodeser_user_preparador_id_5cd6c1ce_fk_auth_user_id FOREIGN KEY (user_preparador_id)
    REFERENCES auth_user(id) ON DELETE RESTRICT ON UPDATE RESTRICT,
  CONSTRAINT servicio_preciodeserv_user_aprobador_id_6f3f9ecb_fk_auth_user_id FOREIGN KEY (user_aprobador_id)
    REFERENCES auth_user(id) ON DELETE RESTRICT ON UPDATE RESTRICT
)
ENGINE = INNODB
CHARACTER SET utf8
COLLATE utf8_unicode_ci;

--
-- Create table talonario_documentodeltalonario
--
CREATE TABLE talonario_documentodeltalonario (
  id INT(11) NOT NULL AUTO_INCREMENT,
  numero VARCHAR(50) NOT NULL,
  estado VARCHAR(10) NOT NULL,
  informacion_de_proceso LONGTEXT NOT NULL,
  informacion_de_beneficiari LONGTEXT NOT NULL,
  numero_final VARCHAR(250) NOT NULL,
  talonario_id INT(11) NOT NULL,
  PRIMARY KEY (id),
  INDEX talonario_documentodeltalonario_e7d1d01e (talonario_id),
  CONSTRAINT talonario_docume_talonario_id_6cd80c98_fk_talonario_talonario_id FOREIGN KEY (talonario_id)
    REFERENCES talonario_talonario(id) ON DELETE RESTRICT ON UPDATE RESTRICT
)
ENGINE = INNODB
CHARACTER SET utf8
COLLATE utf8_unicode_ci;

--
-- Create table talonario_talonarioestado
--
CREATE TABLE talonario_talonarioestado (
  id INT(11) NOT NULL AUTO_INCREMENT,
  fecha_registro DATE NOT NULL,
  observacion LONGTEXT NOT NULL,
  predefinido TINYINT(1) NOT NULL,
  estado_de_documento_id INT(11) NOT NULL,
  talonario_id INT(11) NOT NULL,
  usuario_id INT(11) NOT NULL,
  PRIMARY KEY (id),
  INDEX cf3e0692596746ef628e19d433f2be69 (estado_de_documento_id),
  INDEX talonario_talona_talonario_id_33bf11c6_fk_talonario_talonario_id (talonario_id),
  INDEX talonario_talonarioestado_usuario_id_63d03632_fk_auth_user_id (usuario_id),
  CONSTRAINT cf3e0692596746ef628e19d433f2be69 FOREIGN KEY (estado_de_documento_id)
    REFERENCES estadoderegistro_estadoderegistro(id) ON DELETE RESTRICT ON UPDATE RESTRICT,
  CONSTRAINT talonario_talona_talonario_id_33bf11c6_fk_talonario_talonario_id FOREIGN KEY (talonario_id)
    REFERENCES talonario_talonario(id) ON DELETE RESTRICT ON UPDATE RESTRICT,
  CONSTRAINT talonario_talonarioestado_usuario_id_63d03632_fk_auth_user_id FOREIGN KEY (usuario_id)
    REFERENCES auth_user(id) ON DELETE RESTRICT ON UPDATE RESTRICT
)
ENGINE = INNODB
CHARACTER SET utf8
COLLATE utf8_unicode_ci;

--
-- Create table talonario_trazabilidadtalonario
--
CREATE TABLE talonario_trazabilidadtalonario (
  id INT(11) NOT NULL AUTO_INCREMENT,
  fecha_registro DATE NOT NULL,
  fecha_modificacion DATE DEFAULT NULL,
  descripcion LONGTEXT NOT NULL,
  talonario_id INT(11) NOT NULL,
  usuario_id INT(11) NOT NULL,
  PRIMARY KEY (id),
  INDEX talonario_trazab_talonario_id_7290cdb7_fk_talonario_talonario_id (talonario_id),
  INDEX talonario_trazabilidadtalona_usuario_id_68fa1fef_fk_auth_user_id (usuario_id),
  CONSTRAINT talonario_trazab_talonario_id_7290cdb7_fk_talonario_talonario_id FOREIGN KEY (talonario_id)
    REFERENCES talonario_talonario(id) ON DELETE RESTRICT ON UPDATE RESTRICT,
  CONSTRAINT talonario_trazabilidadtalona_usuario_id_68fa1fef_fk_auth_user_id FOREIGN KEY (usuario_id)
    REFERENCES auth_user(id) ON DELETE RESTRICT ON UPDATE RESTRICT
)
ENGINE = INNODB
CHARACTER SET utf8
COLLATE utf8_unicode_ci;

--
-- Create table trabajador_trabajadorestadoderegistro
--
CREATE TABLE trabajador_trabajadorestadoderegistro (
  id INT(11) NOT NULL AUTO_INCREMENT,
  fecha DATE NOT NULL,
  observacion LONGTEXT NOT NULL,
  predefinido TINYINT(1) NOT NULL,
  estado_de_registro_id INT(11) NOT NULL,
  trabajador_id INT(11) NOT NULL,
  usuario_id INT(11) NOT NULL,
  PRIMARY KEY (id),
  INDEX D154d3c7508c39b0a90a480b70f2a87b (estado_de_registro_id),
  INDEX trabajador_tra_trabajador_id_fcfee4e_fk_trabajador_trabajador_id (trabajador_id),
  INDEX trabajador_trabajadorestadod_usuario_id_1e14d6d6_fk_auth_user_id (usuario_id),
  CONSTRAINT D154d3c7508c39b0a90a480b70f2a87b FOREIGN KEY (estado_de_registro_id)
    REFERENCES estadoderegistro_estadoderegistro(id) ON DELETE RESTRICT ON UPDATE RESTRICT,
  CONSTRAINT trabajador_tra_trabajador_id_fcfee4e_fk_trabajador_trabajador_id FOREIGN KEY (trabajador_id)
    REFERENCES trabajador_trabajador(id) ON DELETE RESTRICT ON UPDATE RESTRICT,
  CONSTRAINT trabajador_trabajadorestadod_usuario_id_1e14d6d6_fk_auth_user_id FOREIGN KEY (usuario_id)
    REFERENCES auth_user(id) ON DELETE RESTRICT ON UPDATE RESTRICT
)
ENGINE = INNODB
CHARACTER SET utf8
COLLATE utf8_unicode_ci;

--
-- Create table talonario_documentodeltalonarioestado
--
CREATE TABLE talonario_documentodeltalonarioestado (
  id INT(11) NOT NULL AUTO_INCREMENT,
  fecha_registro DATE NOT NULL,
  observacion LONGTEXT NOT NULL,
  predefinido TINYINT(1) NOT NULL,
  documento_del_talonario_id INT(11) NOT NULL,
  estado_de_documento_id INT(11) NOT NULL,
  usuario_id INT(11) NOT NULL,
  PRIMARY KEY (id),
  INDEX b58b327d7bd223e0ebe372d7fc817701 (documento_del_talonario_id),
  INDEX D202d4d0caa705f7a449ec3571cf1402 (estado_de_documento_id),
  INDEX talonario_documentodeltalona_usuario_id_11e221f6_fk_auth_user_id (usuario_id),
  CONSTRAINT b58b327d7bd223e0ebe372d7fc817701 FOREIGN KEY (documento_del_talonario_id)
    REFERENCES talonario_documentodeltalonario(id) ON DELETE RESTRICT ON UPDATE RESTRICT,
  CONSTRAINT D202d4d0caa705f7a449ec3571cf1402 FOREIGN KEY (estado_de_documento_id)
    REFERENCES estadoderegistro_estadoderegistro(id) ON DELETE RESTRICT ON UPDATE RESTRICT,
  CONSTRAINT talonario_documentodeltalona_usuario_id_11e221f6_fk_auth_user_id FOREIGN KEY (usuario_id)
    REFERENCES auth_user(id) ON DELETE RESTRICT ON UPDATE RESTRICT
)
ENGINE = INNODB
CHARACTER SET utf8
COLLATE utf8_unicode_ci;

--
-- Alter table cliente_clientedireccion
--
ALTER TABLE cliente_clientedireccion
  ADD COLUMN detalle_de_direccion LONGTEXT NOT NULL AFTER direccion_id,
  ADD COLUMN titulo_de_direccion VARCHAR(300) NOT NULL AFTER detalle_de_direccion;

--
-- Inserting data into table ambiente_ambiente
--
INSERT INTO ambiente_ambiente(id, ambiente, descripcion, conteo_de_ambientes) VALUES
(2, 'Baño principal', 'b', 0),
(3, 'Baño auxiliar', 'b', 0),
(4, 'Baño de visitas', 'b', 0),
(5, 'Bodega', 'b', 0),
(6, 'Cocina', 'cocina', 0),
(7, 'Comedor principal', 'b', 0),
(8, 'Comedor diario', 'b', 0),
(9, 'Escritorio / Oficce', 'b', 0),
(10, 'Habitación principal', 'Habitación', 1),
(11, 'Habitación auxiliar', 'Habitación', 1),
(12, 'Habitación de Servicio', 'Habitación', 1),
(13, 'Hall de entrada', 'b', 0),
(14, 'Jardin delantero', 'b', 0),
(15, 'Jardin trasero', 'b', 0),
(16, 'Lavadero', 'b', 0),
(17, 'Living', 'living', 1),
(18, 'Living - Comedor', 'b', 0),
(19, 'Patio', 'b', 0),
(20, 'Playroom', 'b', 0),
(21, 'Sala de TV / Cine', 'b', 0),
(22, 'Garage', 'b', 0);

--
-- Inserting data into table ambiente_ambienteportipodeinmueble
--
INSERT INTO ambiente_ambienteportipodeinmueble(id, predeterminado, ambiente_id, especificacion_de_inmueble_id) VALUES
(1, 0, 10, 1),
(2, 0, 17, 1),
(3, 0, 6, 1),
(4, 0, 10, 3),
(5, 0, 2, 3),
(6, 0, 11, 3),
(7, 0, 6, 3),
(8, 0, 17, 3);

--
-- Inserting data into table auth_permission
--
INSERT INTO auth_permission(id, name, content_type_id, codename) VALUES
(208, 'Can add Relación', 70, 'add_relacion'),
(209, 'Can change Relación', 70, 'change_relacion'),
(210, 'Can delete Relación', 70, 'delete_relacion'),
(211, 'Can add Unidad', 71, 'add_unidad'),
(212, 'Can change Unidad', 71, 'change_unidad'),
(213, 'Can delete Unidad', 71, 'delete_unidad'),
(214, 'Can add Herramienta', 72, 'add_herramienta'),
(215, 'Can change Herramienta', 72, 'change_herramienta'),
(216, 'Can delete Herramienta', 72, 'delete_herramienta'),
(217, 'Can add Dotación básica de camión', 73, 'add_dotacionbasicadecamion'),
(218, 'Can change Dotación básica de camión', 73, 'change_dotacionbasicadecamion'),
(219, 'Can delete Dotación básica de camión', 73, 'delete_dotacionbasicadecamion'),
(220, 'Can add Tipo de material ', 74, 'add_tipodematerial'),
(221, 'Can change Tipo de material ', 74, 'change_tipodematerial'),
(222, 'Can delete Tipo de material ', 74, 'delete_tipodematerial'),
(223, 'Can add Material ', 75, 'add_material'),
(224, 'Can change Material ', 75, 'change_material'),
(225, 'Can delete Material ', 75, 'delete_material'),
(226, 'Can add Precio del material', 76, 'add_preciodematerial'),
(227, 'Can change Precio del material', 76, 'change_preciodematerial'),
(228, 'Can delete Precio del material', 76, 'delete_preciodematerial'),
(229, 'Can add Material por servicio', 77, 'add_materialesporservicio'),
(230, 'Can change Material por servicio', 77, 'change_materialesporservicio'),
(231, 'Can delete Material por servicio', 77, 'delete_materialesporservicio'),
(232, 'Can add Servicio', 78, 'add_servicio'),
(233, 'Can change Servicio', 78, 'change_servicio'),
(234, 'Can delete Servicio', 78, 'delete_servicio'),
(235, 'Can add Complejidad del servicio', 79, 'add_complejidadservicio'),
(236, 'Can change Complejidad del servicio', 79, 'change_complejidadservicio'),
(237, 'Can delete Complejidad del servicio', 79, 'delete_complejidadservicio'),
(238, 'Can add Precio del servicio', 80, 'add_preciodeservicio'),
(239, 'Can change Precio del servicio', 80, 'change_preciodeservicio'),
(240, 'Can delete Precio del servicio', 80, 'delete_preciodeservicio'),
(241, 'Can add Herramienta por servicio', 81, 'add_herramientasporservicio'),
(242, 'Can change Herramienta por servicio', 81, 'change_herramientasporservicio'),
(243, 'Can delete Herramienta por servicio', 81, 'delete_herramientasporservicio'),
(244, 'Can add Tipo de documento impreso', 82, 'add_tipodedocumentoimpreso'),
(245, 'Can change Tipo de documento impreso', 82, 'change_tipodedocumentoimpreso'),
(246, 'Can delete Tipo de documento impreso', 82, 'delete_tipodedocumentoimpreso'),
(247, 'Can add Talonario', 83, 'add_talonario'),
(248, 'Can change Talonario', 83, 'change_talonario'),
(249, 'Can delete Talonario', 83, 'delete_talonario'),
(250, 'Can add Documento del talonario', 84, 'add_documentodeltalonario'),
(251, 'Can change Documento del talonario', 84, 'change_documentodeltalonario'),
(252, 'Can delete Documento del talonario', 84, 'delete_documentodeltalonario'),
(253, 'Can add Estado del talonario', 85, 'add_talonarioestado'),
(254, 'Can change Estado del talonario', 85, 'change_talonarioestado'),
(255, 'Can delete Estado del talonario', 85, 'delete_talonarioestado'),
(256, 'Can add Trazabilidad del talonario', 86, 'add_trazabilidadtalonario'),
(257, 'Can change Trazabilidad del talonario', 86, 'change_trazabilidadtalonario'),
(258, 'Can delete Trazabilidad del talonario', 86, 'delete_trazabilidadtalonario'),
(259, 'Can add Estado del documento del talonario', 87, 'add_documentodeltalonarioestado'),
(260, 'Can change Estado del documento del talonario', 87, 'change_documentodeltalonarioestado'),
(261, 'Can delete Estado del documento del talonario', 87, 'delete_documentodeltalonarioestado'),
(262, 'Can add Estado de registro de trabajador', 88, 'add_trabajadorestadoderegistro'),
(263, 'Can change Estado de registro de trabajador', 88, 'change_trabajadorestadoderegistro'),
(264, 'Can delete Estado de registro de trabajador', 88, 'delete_trabajadorestadoderegistro');


--
-- Inserting data into table cliente_estadocivil
--
INSERT INTO cliente_estadocivil(id, estado_civil) VALUES
(1, 'Soltero'),
(2, 'Casado'),
(3, 'Divorciado'),
(4, 'Viudo');

--
-- Inserting data into table cliente_sexo
--
INSERT INTO cliente_sexo(id, sexo) VALUES
(1, 'Femenino'),
(2, 'Masculino');

--
-- Inserting data into table cliente_tipodecliente
--
INSERT INTO cliente_tipodecliente(id, tipo_de_cliente, descripcion) VALUES
(1, 'Particular', 'Es una persona');

--
-- Inserting data into table cliente_tipodeinformaciondecontacto
--
INSERT INTO cliente_tipodeinformaciondecontacto(id, tipo_de_informacion_de_contacto, descripcion) VALUES
(1, 'Teléfono', 'Teléfono de contacto'),
(2, 'Email', 'Email de contacto');

--
-- Inserting data into table cliente_tipoderelacion
--
INSERT INTO cliente_tipoderelacion(id, tipo_de_relacion, descripcion) VALUES
(1, 'cliente', 'cliente '),
(2, 'familiar', 'Familiar del cliente');

--
-- Inserting data into table direccion_barrio
--
INSERT INTO direccion_barrio(id, barrio, ciudad_id, pais_id, provincia_id) VALUES
(1, 'Agronomía', 1, 10, 1),
(2, 'Almagro', 1, 10, 1),
(3, 'Balvanera', 1, 10, 1),
(4, 'Barracas', 1, 10, 1),
(5, 'Belgrano', 1, 10, 1),
(6, 'Boedo', 1, 10, 1),
(7, 'Caballito', 1, 10, 1),
(8, 'Chacarita', 1, 10, 1),
(9, 'Coghlan', 1, 10, 1),
(10, 'Colegiales', 1, 10, 1),
(11, 'Constitución', 1, 10, 1),
(12, 'Flores', 1, 10, 1),
(13, 'Floresta', 1, 10, 1),
(14, 'La Boca', 1, 10, 1),
(15, 'La Paternal', 1, 10, 1),
(16, 'Liniers', 1, 10, 1),
(17, 'Mataderos', 1, 10, 1),
(18, 'Monte Castro', 1, 10, 1),
(19, 'Monserrat (originalmente llamado Montserrat).', 1, 10, 1),
(20, 'Nueva Pompeya', 1, 10, 1),
(21, 'Núñez', 1, 10, 1),
(22, 'Palermo', 1, 10, 1),
(23, 'Parque Avellaneda', 1, 10, 1),
(24, 'Parque Chacabuco', 1, 10, 1),
(25, 'Parque Chas', 1, 10, 1),
(26, 'Parque Patricios', 1, 10, 1);

--
-- Inserting data into table direccion_especificaciondeinmueble
--
INSERT INTO direccion_especificaciondeinmueble(id, especificacion_de_inmueble, descripcion, predeterminado, tipo_de_inmueble_id) VALUES
(1, 'Casa de 2 Ambientes', 'casa con 2 ambientes', 1, 1),
(2, 'Oficina con 4 ambientes', 'Oficina con 4 ambientes', 0, 2),
(3, 'Casa de 3 Ambientes', 'Casa de 3 Ambientes', 0, 1);

--
-- Inserting data into table direccion_tipodeascensor
--
INSERT INTO direccion_tipodeascensor(id, tipo_de_ascensor, descripcion) VALUES
(1, 'Principal', 'Ascensor principal'),
(2, 'Servicio', 'Ascensor de servicio'),
(3, 'Camillero', 'Ascensor camillero ');

--
-- Inserting data into table direccion_tipodeedificacion
--
INSERT INTO direccion_tipodeedificacion(id, tipo_de_edificacion, descripcion, nombre) VALUES
(1, 'Casa', 'casa ', 0),
(2, 'Conjunto residencial', 'Edificación con varios inmuebles', 1);

--
-- Inserting data into table direccion_tipodeinmueble
--
INSERT INTO direccion_tipodeinmueble(id, tipo_de_inmueble, descripcion) VALUES
(1, 'Casa', 'casa'),
(2, 'Oficina', 'oficina'),
(3, 'Departamento', 'departamento');

--
-- Inserting data into table django_content_type
--
INSERT INTO django_content_type(id, app_label, model) VALUES
(70, 'menu', 'relacion'),
(71, 'premisas', 'unidad'),
(72, 'herramienta', 'herramienta'),
(73, 'herramienta', 'dotacionbasicadecamion'),
(74, 'material', 'tipodematerial'),
(75, 'material', 'material'),
(76, 'material', 'preciodematerial'),
(77, 'material', 'materialesporservicio'),
(78, 'servicio', 'servicio'),
(79, 'servicio', 'complejidadservicio'),
(80, 'servicio', 'preciodeservicio'),
(81, 'servicio', 'herramientasporservicio'),
(82, 'talonario', 'tipodedocumentoimpreso'),
(83, 'talonario', 'talonario'),
(84, 'talonario', 'documentodeltalonario'),
(85, 'talonario', 'talonarioestado'),
(86, 'talonario', 'trazabilidadtalonario'),
(87, 'talonario', 'documentodeltalonarioestado'),
(88, 'trabajador', 'trabajadorestadoderegistro');

--
-- Inserting data into table django_migrations
--
INSERT INTO django_migrations(id, app, name, applied) VALUES
(25, 'menu', '0002_auto_20160204_1450', '2016-02-04 19:20:53'),
(26, 'trabajador', '0002_auto_20160204_1453', '2016-02-04 19:23:15'),
(27, 'menu', '0003_auto_20160212_0910', '2016-02-12 13:41:18'),
(28, 'premisas', '0002_unidad', '2016-02-15 19:30:54'),
(29, 'herramienta', '0001_initial', '2016-02-15 19:30:59'),
(30, 'servicio', '0001_initial', '2016-02-15 19:31:17'),
(31, 'material', '0001_initial', '2016-02-15 19:31:23'),
(32, 'material', '0002_auto_20160215_1500', '2016-02-15 19:31:32'),
(33, 'talonario', '0001_initial', '2016-02-15 19:31:49'),
(34, 'talonario', '0002_auto_20160217_1458', '2016-02-17 19:29:15'),
(35, 'trabajador', '0003_trabajadorestadoderegistro', '2016-02-17 19:29:20'),
(36, 'cliente', '0002_auto_20160301_0825', '2016-03-01 12:58:37'),
(37, 'premisas', '0003_auto_20160301_0825', '2016-03-01 12:58:38'),
(38, 'promocion', '0002_auto_20160301_0825', '2016-03-01 12:58:38'),
(39, 'cliente', '0003_auto_20160301_1634', '2016-03-01 21:04:28'),
(40, 'direccion', '0002_auto_20160301_1634', '2016-03-01 21:04:31'),
(41, 'servicio', '0002_auto_20160302_1335', '2016-03-02 18:05:31'),
(42, 'talonario', '0003_auto_20160302_1335', '2016-03-02 18:05:32');

--
-- Inserting data into table estadoderegistro_estadoderegistro
--
INSERT INTO estadoderegistro_estadoderegistro(id, model, descripcion, observacion, estado_id) VALUES
(2, 'trabajador', 'Es el estado que asigna cuando se crea un trabajador', '', 1),
(3, 'talonario', 'Es el estado que asigna cuando se crea un talonario', '', 1);

--
-- Inserting data into table gestiondedocumento_estadodedocumento
--
INSERT INTO gestiondedocumento_estadodedocumento(id, estado_de_documento, descripcion, orden, observacion, tipo_de_documento_id) VALUES
(1, 'creado', 'creación del talonario', 0, '', 1),
(2, 'creado', 'creación de un item perteneciente a un talonario', 0, '', 2);

--
-- Inserting data into table gestiondedocumento_tipodedocumento
--
INSERT INTO gestiondedocumento_tipodedocumento(id, tipo_de_documento, descripcion) VALUES
(1, 'talonario', 'talonario físico tales como cheques, facturas entre otros documentos impresos'),
(2, 'documento del talonario', 'documento de un talonario');

--
-- Inserting data into table menu_menu
--
INSERT INTO menu_menu(id, menu, transaccion, namespace, name, nivel, padre, menu_padre_id) VALUES
(1, 'Dirección', 'DIR01', '', '', 1, 1, NULL),
(2, 'Barrio', 'BAR01', '', '', 2, 1, 1),
(3, 'Agregar Barrio', 'BAR02', 'udirecciones', 'add_barrio', 3, 0, 2),
(4, 'Ciudad', 'CIU01', 'udirecciones', 'add_ciudad', 2, 1, 1),
(7, 'Ambiente', 'AMB01', '', '', 1, 1, NULL),
(8, 'Ambiente', 'AMB02', '', '', 2, 1, 7),
(9, 'Agregar Ambiente', 'AMB03', 'uambientes', 'add_ambiente', 3, 0, 8),
(12, 'Lista de Ambiente', 'AMB04', 'uambientes', 'list_ambiente', 3, 0, 8),
(13, 'Lista de Barrio', 'BAR03', 'udirecciones', 'list_barrio', 3, 0, 2),
(14, 'Agregar Ciudad', 'CIU02', 'udirecciones', 'add_ciudad', 3, 0, 4),
(15, 'Lista de Ciudad', 'CIU03', 'udirecciones', 'list_ciudad', 3, 0, 4),
(16, 'Pais', 'PAI01', '', '', 2, 1, 1),
(17, 'Agregar Pais', 'PAI02', 'udirecciones', 'add_pais', 3, 0, 16),
(18, 'Lista de Pais', 'PAI03', 'udirecciones', 'list_pais', 3, 0, 16),
(19, 'Ambiente por tipo de Inmueble', 'AMB05', '', '', 2, 1, 7),
(20, 'Agregar Ambiente por Tipo de Inmueble', 'AMB06', 'uambientes', 'add_ambienteportipoinmueble', 3, 0, 19),
(21, 'Lista de Ambientes por tipo de Inmueble', 'AMB07', 'uambientes', 'list_ambienteportipoinmueble', 3, 0, 19),
(22, 'Cliente', 'CLI01', '', '', 1, 1, NULL),
(23, 'Cliente', 'CLI02', '', '', 2, 1, 22),
(24, 'Agregar Cliente', 'CLI03', 'uclientes', 'add_cliente', 3, 0, 23),
(25, 'Lista de Cliente', 'CLI04', 'uclientes', 'list_cliente', 3, 0, 23),
(26, 'Estado Civil', 'EST01', '', '', 2, 1, 22),
(27, 'Agregar Estado Civil', 'EST02', 'uclientes', 'add_estado_civil', 3, 0, 26),
(28, 'Lista de Estados Civiles', 'EST03', 'uclientes', 'list_estado_civil', 3, 0, 26),
(29, 'Sexo', 'SEX01', '', '', 2, 1, 22),
(30, 'Agregar Sexo', 'SEX02', 'uclientes', 'add_sexo', 3, 0, 29),
(31, 'Lista de Sexos', 'SEX03', 'uclientes', 'list_sexo', 3, 0, 29),
(32, 'Tipo de Cliente', 'TDC01', '', '', 2, 1, 22),
(33, 'Agregar Tipo de Cliente', 'TDC02', 'uclientes', 'add_tipo_de_cliente', 3, 0, 32),
(34, 'Lista de Tipos de Clientes', 'TDC03', 'uclientes', 'list_tipo_de_cliente', 3, 0, 32),
(35, 'Tipo de Relacion', 'TDR01', '', '', 2, 1, 22),
(36, 'Agregar Tipo de Relacion', 'TDR02', 'uclientes', 'add_tipo_de_relacion', 3, 0, 35),
(37, 'Lista de Tipos de Relacion', 'TDR03', 'uclientes', 'list_tipo_de_relacion', 3, 0, 35),
(38, 'Tipo de Información de Contacto', 'TDI01', '', '', 2, 1, 22),
(39, 'Agregar Tipo Información de Contacto', 'TDI02', 'uclientes', 'add_tipo_de_informacion_de_contacto', 3, 0, 38),
(40, 'Lista de Tipos de Información de Contacto', 'TDI03', 'uclientes', 'list_tipo_de_informacion_de_contacto', 3, 0, 38),
(41, 'Complejidad de Riesgo', 'COM01', '', '', 1, 1, NULL),
(42, 'Complejidad de Riesgo', 'COM02', '', '', 2, 1, 41),
(43, 'Agregar Complejidad de Riesgo', 'COM03', 'ucomplejidadriesgos', 'add_complejidadriesgo', 3, 0, 42),
(44, 'Lista de Cpmplejidades de Riesgos', 'COM04', 'ucomplejidadriesgos', 'list_complejidadriesgo', 3, 0, 42),
(45, 'Nivel de Complejidad de Riesgo', 'NDC01', '', '', 2, 1, 41),
(46, 'Agregar Nivel de Complejidad de Riesgo', 'NDC02', 'ucomplejidadriesgos', 'add_nivelcomplejidadriesgo', 3, 0, 45),
(47, 'Lista de Niveles de Complejidad de Riesgo', 'NDC03', 'ucomplejidadriesgos', 'list_nivelcomplejidadriesgo', 3, 0, 45),
(48, 'Contenedor', 'CON01', '', '', 1, 1, NULL),
(49, 'Contenedor', 'CON02', '', '', 2, 1, 48),
(50, 'Agregar Contenedor', 'CON03', 'ucontenedores', 'add_contenedor', 3, 0, 49),
(51, 'Lista de Contenedores', 'CON04', 'ucontenedores', 'list_contenedor', 3, 0, 49),
(52, 'Contenedor Típico', 'CON05', '', '', 2, 1, 48),
(53, 'Agregar Contenedor Típico', 'CON06', 'ucontenedores', 'add_contenedortipico', 3, 0, 52),
(54, 'Lista de Contenedores Típicos', 'CON07', 'ucontenedores', 'list_contenedortipico', 3, 0, 52),
(55, 'Especificación de Inmueble', 'EDI01', '', '', 2, 1, 1),
(56, 'Agregar Especificación de Inmueble', 'EDI02', 'udirecciones', 'add_especificaciondeinmueble', 3, 0, 55),
(57, 'Lista de Especificaciones de Inmuebles', 'EDI03', 'udirecciones', 'list_especificaciondeinmueble', 3, 0, 55),
(58, 'Provincia', 'PRO01', '', '', 2, 1, 1),
(59, 'Agregar Provincia', 'PRO02', 'udirecciones', 'add_provincia', 3, 0, 58),
(60, 'Lista de Provincias', 'PRO03', 'udirecciones', 'list_provincia', 3, 0, 58),
(61, 'Tipo de Ascensor', 'TDA01', '', '', 2, 1, 1),
(86, 'Agregar Tipo de Ascensor', 'TDA02', 'udirecciones', 'add_tipo_de_ascensor', 3, 0, 61),
(87, 'Lista de Tipos de Ascensor', 'TDA03', 'udirecciones', 'list_tipo_de_ascensor', 3, 0, 61),
(88, 'Tipo de Edificación', 'TDE01', '', '', 2, 1, 1),
(89, 'Agregar Tipo de Edificación', 'TDE02', 'udirecciones', 'add_tipo_de_edificacion', 3, 0, 88),
(90, 'Lista de Tipos de Especificaciones', 'TDE03', 'udirecciones', 'list_tipo_de_edificacion', 3, 0, 88),
(91, 'Tipo de Inmueble', 'TIN01', '', '', 2, 1, 1),
(92, 'Agregar Tipo de Inmueble', 'TIN02', 'udirecciones', 'add_tipo_de_inmueble', 3, 0, 91),
(93, 'Lista de Tipos de Inmuebles', 'TIN03', 'udirecciones', 'list_tipo_de_inmueble', 3, 0, 91),
(94, 'Estado de Registro', 'EDR01', '', '', 1, 1, NULL),
(95, 'Estado', 'EDO01', '', '', 2, 1, 94),
(96, 'Agregar Estado', 'EDO02', 'uestadoderegistros', 'add_estado', 3, 0, 95),
(97, 'Lista de Estados', 'EDO03', 'uestadoderegistros', 'list_estado', 3, 0, 95),
(98, 'Estado de Registro', 'EDR02', '', '', 2, 1, 94),
(99, 'Agregar Estado de Registro', 'EDR03', 'uestadoderegistros', 'add_estadoderegistro', 3, 0, 98),
(100, 'Lista de Estados de Registros', 'EDR04', 'uestadoderegistros', 'list_estadoderegistro', 3, 0, 98),
(101, 'Gestión de Documento', 'GES01', '', '', 1, 1, NULL),
(102, 'Estado de Documento', 'EDD01', '', '', 2, 1, 101),
(103, 'Agregar Estado de Documento', 'EDD02', 'ugestiondedocumentos', 'add_estadodedocumento', 3, 0, 102),
(104, 'Lista de Estado de Documento', 'EDD03', 'ugestiondedocumentos', 'list_estadodedocumento', 3, 0, 102),
(105, 'Tipo de Documento', 'TDD01', '', '', 2, 1, 101),
(106, 'Agregar Tipo de Documento', 'TDD02', 'ugestiondedocumentos', 'add_tipodedocumento', 3, 0, 105),
(107, 'Lista de Tipos de Documentos', 'TDD03', 'ugestiondedocumentos', 'list_tipodedocumento', 3, 0, 105),
(108, 'Herramienta', 'HER01', '', '', 1, 1, NULL),
(109, 'Herramienta', 'HER02', '', '', 2, 1, 108),
(110, 'Agregar Herramienta', 'HER03', 'uherramientas', 'add_herramienta', 3, 0, 109),
(111, 'Lista de Herramientas', 'HER04', 'uherramientas', 'list_herramienta', 3, 0, 109),
(112, 'Dotación Básica de Camión', 'DBC01', '', '', 2, 1, 108),
(113, 'Agregar Dotación Básica de Camión', 'DBC02', 'uherramientas', 'add_dotacionbasicadecamion', 3, 0, 112),
(114, 'Lista de Dotaciones Básicas de Camión', 'DBC03', 'uherramientas', 'list_dotacionbasicadecamion', 3, 0, 112),
(115, 'Material', 'MAT01', '', '', 1, 1, NULL),
(116, 'Material', 'MAT02', '', '', 2, 1, 115),
(117, 'Agregar Material', 'MAT03', 'umateriales', 'add_material', 3, 0, 116),
(118, 'Lista de Materiales', 'MAT04', 'umateriales', 'list_material', 3, 0, 116),
(119, 'Tipo de Material', 'TDM01', '', '', 2, 1, 115),
(120, 'Agregar Tipo de Material', 'TDM02', 'umateriales', 'add_tipodematerial', 3, 0, 119),
(121, 'Lista de Tipos de Materiales', 'TDM03', 'umateriales', 'list_tipodematerial', 3, 0, 119),
(122, 'Mensaje', 'MEN01', '', '', 1, 1, NULL),
(123, 'Mensaje', 'MEN02', '', '', 2, 1, 122),
(124, 'Agregar Mensaje', 'MEN03', 'umensajes', 'add_mensaje', 3, 0, 123),
(125, 'Lista de Mensajes', 'MEN04', 'umensajes', 'list_mensaje', 3, 0, 123),
(126, 'Tipo de Mensaje', 'TMJ01', '', '', 2, 1, 122),
(127, 'Agregar Tipo de Mensajes', 'TMJ02', 'umensajes', 'add_tipodemensaje', 3, 0, 126),
(128, 'Lista de Tipos de Mensajes', 'TMJ03', 'umensajes', 'list_tipodemensaje', 3, 0, 126),
(129, 'Menú', 'MNU01', '', '', 1, 1, NULL),
(130, 'Menú', 'MNU02', '', '', 2, 1, 129),
(131, 'Agregar Menú', 'MNU03', 'umenus', 'add_menu', 3, 0, 130),
(132, 'Lista de Menús', 'MNU04', 'umenus', 'list_menu', 3, 0, 130),
(133, 'Favoritos', 'FAV01', '', '', 2, 1, 129),
(134, 'Agregar Favoritos', 'FAV02', 'umenus', 'add_menufavorito', 3, 0, 133),
(135, 'Lista de Favoritos', 'FAV03', 'umenus', 'list_menufavorito', 3, 0, 133),
(136, 'Relación', 'REL01', '', '', 2, 1, 129),
(137, 'Agregar Relación', 'REL02', 'umenus', 'add_relacion', 3, 0, 136),
(138, 'Lista de Relaciones', 'REL03', 'umenus', 'list_relacion', 3, 0, 136),
(139, 'Mueble', 'MUE01', '', '', 1, 1, NULL),
(140, 'Mueble', 'MUE02', '', '', 2, 1, 139),
(141, 'Agregar Mueble', 'MUE03', 'umuebles', 'add_mueble', 3, 0, 140),
(142, 'Lista de Muebles', 'MUE04', 'umuebles', 'list_mueble', 3, 0, 140),
(143, 'Especificación de Mueble', 'ESM01', '', '', 2, 1, 139),
(144, 'Agregar Especificación de Mueble', 'ESM02', 'umuebles', 'add_especificaciondemueble', 3, 0, 143),
(145, 'Lista de Especificaciones de Mueble', 'ESM03', 'umuebles', 'list_especificaciondemueble', 3, 0, 143),
(146, 'Mueble por Ambiente', 'MPA01', '', '', 2, 1, 139),
(147, 'Agregar Mueble por Ambiente', 'MPA02', 'umuebles', 'add_muebleporambiente', 3, 0, 146),
(148, 'Lista de Muebles por Ambientes', 'MPA03', 'umuebles', 'list_muebleporambiente', 3, 0, 146),
(149, 'Tipo de Mueble', 'TMU01', '', '', 2, 1, 139),
(150, 'Agregar Tipo de Mueble', 'TMU02', 'umuebles', 'add_tipodemueble', 3, 0, 149),
(151, 'Lista de Tipos de Muebles', 'TMU03', 'umuebles', 'list_tipodemueble', 3, 0, 149),
(152, 'Premisas', 'PRE01', '', '', 1, 1, NULL),
(153, 'Datos Precargados', 'DPR01', '', '', 2, 1, 152),
(154, 'Agregar Datos Precargados', 'DPR02', 'upremisas', 'add_datosprecargado', 3, 0, 153),
(155, 'Lista de Datos Precargados', 'DPR03', 'upremisas', 'list_datosprecargado', 3, 0, 153),
(156, 'Empresa', 'EMP01', '', '', 2, 1, 152),
(157, 'Agregar Empresa', 'EMP02', 'upremisas', 'add_empresa', 3, 0, 156),
(158, 'Lista de Empresas', 'EMP03', 'upremisas', 'list_empresa', 3, 0, 156),
(159, 'Personalización Visual', 'PVI01', '', '', 2, 1, 152),
(160, 'Agregar Personalización Visual', 'PVI02', 'upremisas', 'add_personalizacionvisual', 3, 0, 159),
(161, 'Listas de Personalizaciones Visuales', 'PVI03', 'upremisas', 'list_personalizacionvisual', 3, 0, 159),
(162, 'Variante Visual', 'VAV01', '', '', 2, 1, 152),
(163, 'Agregar Variante Visual', 'VAV02', 'upremisas', 'add_variantevisual', 3, 0, 162),
(164, 'Lista de Variantes Visuales', 'VAV03', 'upremisas', 'list_variantevisual', 3, 0, 162),
(165, 'Promoción', 'PRM01', '', '', 1, 1, NULL),
(166, 'Alianza', 'ALI01', '', '', 2, 1, 165),
(167, 'Agregar Alianza', 'ALI02', 'upromociones', 'add_alianza', 3, 0, 166),
(168, 'Lista de Alianzas', 'ALI03', 'upromociones', 'list_alianza', 3, 0, 166),
(169, 'Fuente de Promoción', 'FDP01', '', '', 2, 1, 165),
(170, 'Agregar Fuente de Promoción', 'FDP02', 'upromociones', 'add_fuentedepromocion', 3, 0, 169),
(171, 'Lista de Fuentes de Promociones', 'FDP03', 'upromociones', 'list_fuentedepromocion', 3, 0, 169),
(172, 'Institución', 'INS01', '', '', 2, 1, 165),
(173, 'Agregar Institución', 'INS02', 'upromociones', 'add_institucion', 3, 0, 172),
(174, 'Lista de Instituciones', 'INS03', 'upromociones', 'list_institucion', 3, 0, 172),
(175, 'Medio', 'MED01', '', '', 2, 1, 165),
(176, 'Agregar Medio', 'MED02', 'upromociones', 'add_medio', 3, 0, 175),
(177, 'Lista de Medios', 'MED03', 'upromociones', 'list_medio', 3, 0, 175),
(178, 'Medio Especifico', 'MES01', '', '', 2, 1, 165),
(179, 'Agregar Medio Especifico', 'MES02', 'upromociones', 'add_medioespecifico', 3, 0, 178),
(180, 'Lista de Medios Especificos', 'MES03', 'upromociones', 'list_medioespecifico', 3, 0, 178),
(181, 'Personalizado', 'PES01', '', '', 2, 1, 165),
(182, 'Agregar Personalizado', 'PES02', 'upromociones', 'add_personaaliado', 3, 0, 181),
(183, 'Lista de Personalizados', 'PES03', 'upromociones', 'list_personaaliado', 3, 0, 181),
(184, 'Tipo de Referido', 'TRF01', '', '', 2, 1, 165),
(185, 'Agregar Tipo de Referido', 'TRF02', 'upromociones', 'add_tipodereferido', 3, 0, 184),
(186, 'Lista de Tipos de Referidos', 'TRF03', 'upromociones', 'list_tipodereferido', 3, 0, 184),
(187, 'Servicio', 'SER01', '', '', 1, 1, NULL),
(188, 'Servicio ', 'SER02', '', '', 2, 1, 187),
(189, 'Agregar Servicio', 'SER03', 'uservicios', 'add_servicio', 3, 0, 188),
(190, 'Lista de Servicios', 'SER04', 'uservicios', 'list_servicio', 3, 0, 188),
(191, 'Complejidad del Servicio', 'CDS01', '', '', 2, 1, 187),
(192, 'Agregar Complejidad de Servicio', 'CDS02', 'uservicios', 'add_complejidadservicio', 3, 0, 191),
(193, 'Lista de Complejiades de Servicios', 'CDS03', 'uservicios', 'list_complejidadservicio', 3, 0, 191),
(194, 'Herramienta por Servicio', 'HPS01', '', '', 2, 1, 187),
(195, 'Agregar Herramienta por Servicio', 'HPS02', 'uservicios', 'add_herramientaporservicio', 3, 0, 194),
(196, 'Lista de Herramientas por Servicios', 'HPS03', 'uservicios', 'list_herramientaporservicio', 3, 0, 194),
(197, 'Precio de Servicio', 'PDS01', '', '', 2, 1, 187),
(198, 'Agregar Precio de Servicio', 'PDS02', 'uservicios', 'add_preciodeservicio', 3, 0, 197),
(199, 'Lista de Precios de Servicios', 'PDS03', 'uservicios', 'list_preciodeservicio', 3, 0, 197),
(200, 'Talonario', 'TAL01', '', '', 1, 1, NULL),
(201, 'Talonario', 'TAL02', '', '', 2, 1, 200),
(202, 'Agregar Talonario', 'TAL03', 'utalonarios', 'add_talonario', 3, 0, 201),
(203, 'Lista de Talonarios', 'TAL04', 'utalonarios', 'list_talonario', 3, 0, 201),
(204, 'Documento del Talonario', 'DDT01', '', '', 2, 1, 200),
(205, 'Agregar Document del Talonario', 'DDT02', 'utalonarios', 'add_documentodeltalonario', 3, 0, 204),
(206, 'Lista de Documentos del Talonario', 'DDT03', 'utalonarios', 'list_documentodeltalonario', 3, 0, 204),
(207, 'Tipo de Documento Impreso', 'TPI01', '', '', 2, 1, 200),
(208, 'Agregar Tipo de Documento Impreso', 'TPI02', 'utalonarios', 'add_tipodedocumento', 3, 0, 207),
(209, 'Lista de Tipos de Documentos Impresos', 'TPI03', 'utalonarios', 'list_tipodedocumento', 3, 0, 207),
(210, 'Trabajador', 'TRA01', '', '', 1, 1, NULL),
(211, 'Cargo Trabajador', 'CTR01', '', '', 2, 1, 210),
(212, 'Agregar Cargo', 'CTR02', 'utrabajadores', 'add_cargotrabajador', 3, 0, 211),
(213, 'Lista de Cargos', 'CTR03', 'utrabajadores', 'list_cargotrabajador', 3, 0, 211),
(214, 'Trabajador', 'TRA02', '', '', 2, 1, 210),
(215, 'Agregar Trabajador', 'TRA03', 'utrabajadores', 'add_trabajador', 3, 0, 214),
(216, 'Lista de Trabajadores', 'TRA04', 'utrabajadores', 'list_trabajador', 3, 0, 214),
(217, 'Vehiculo', 'VEH01', '', '', 1, 1, NULL),
(218, 'Vehiculo', 'VEH02', '', '', 2, 1, 217),
(219, 'Agregar Vehiculo', 'VEH03', 'uvehiculos', 'add_vehiculo', 3, 0, 218),
(220, 'Lista de Vehiculos', 'VEH04', 'uvehiculos', 'list_vehiculo', 3, 0, 218),
(221, 'Chofer Asignado', 'CHO01', '', '', 2, 1, 217),
(222, 'Agregar Chofer Asignado', 'CHO02', 'uvehiculos', 'add_choferasignado', 3, 0, 221),
(223, 'Lista de Choferes Asignados', 'CHO03', 'uvehiculos', 'list_choferasignado', 3, 0, 221),
(224, 'Detalle de Vehiculo', 'DDV01', '', '', 2, 1, 217),
(225, 'Agregar Detalle de Vehiculo', 'DDV02', 'uvehiculos', 'add_detalledevehiculo', 3, 0, 224),
(226, 'Lista de Detalles de Vehiculos', 'DDV03', 'uvehiculos', 'list_detalledevehiculo', 3, 0, 224);

--
-- Inserting data into table menu_menufavorito
--
INSERT INTO menu_menufavorito(id, grupo, orden, menu_id, usuario_id) VALUES
(1, 'grupo1', 3, 9, 1),
(2, 'grupo1', 2, 3, 1),
(3, 'grupo2', 1, 14, 1);

--
-- Inserting data into table menu_relacion
--
INSERT INTO menu_relacion(id, nombre, item_origen_id, item_relacion_id) VALUES
(1, 'Ciudad', 3, 15),
(2, 'Barrio', 14, 13),
(3, 'Ciudad', 13, 15),
(4, 'Pais', 3, 18),
(5, 'Pais', 13, 18),
(6, 'Barrio', 15, 13),
(7, 'Pais', 14, 18),
(8, 'Pais', 15, 18),
(9, 'Barrio', 17, 13),
(10, 'Barrio', 18, 13),
(11, 'Ciudad', 18, 15),
(12, 'Ciudad', 17, 15),
(13, 'Provincia', 3, 60),
(14, 'Provincia', 15, 60),
(15, 'Provincia', 14, 60),
(16, 'Pais', 59, 18),
(17, 'Pais', 60, 18),
(18, 'Ciudad', 59, 15),
(19, 'Ciudad', 60, 15),
(20, 'Ambientes por Tipo de Inmueble', 9, 21),
(21, 'Ambiente por tipo de Inmuebles', 12, 21),
(22, 'Ambiente', 20, 12),
(23, 'Ambiente', 21, 12),
(24, 'Muebles por ambiente', 20, 148),
(25, 'Muebles por Ambiente', 21, 148),
(26, 'Especificación de Inmueble', 20, 57),
(27, 'Especificación de Inmueble', 21, 57),
(28, 'Ambiente por Tipo de Inmueble', 56, 21),
(29, 'Ambiente por tipo de Inmueble', 57, 21),
(30, 'Ambiente por tipo de Inmueble', 147, 21),
(31, 'Ambiente por tipo de Inmueble', 148, 21),
(32, 'Tipo de Cliente', 24, 34),
(33, 'Tipo de Cliente', 25, 34),
(34, 'Cliente', 33, 25),
(35, 'Cliente', 34, 25),
(36, 'Contenedores Tipicos', 50, 54),
(37, 'Contenedores Tipicos', 51, 54),
(38, 'Contenedor', 53, 51),
(39, 'Contenedor', 54, 51),
(40, 'Estado de Registro', 96, 100),
(41, 'Estado de Registro', 97, 100),
(42, 'Estado', 99, 97),
(43, 'Estado', 100, 97),
(44, 'Tipos de Documentos', 103, 107),
(45, 'Tipos de Documentos', 104, 107),
(46, 'Estado de Documento', 106, 104),
(47, 'Estado de Documento', 107, 104),
(48, 'Dotación Básica de Camión', 110, 114),
(49, 'Dotación Básica de Camión', 111, 114),
(50, 'Herramienta', 113, 111),
(51, 'Herramienta', 114, 111),
(52, 'Tipo de Material', 117, 121),
(53, 'Tipo de Material', 118, 121),
(54, 'Material', 120, 118),
(55, 'Material', 121, 118),
(56, 'Tipo de Mensaje', 124, 128),
(57, 'Tipo de Mensaje', 125, 128),
(58, 'Mensaje', 127, 125),
(59, 'Mensaje', 128, 125),
(79, 'Tipo de Mueble', 141, 151),
(80, 'Tipo de Mueble', 142, 151),
(81, 'Mueble', 150, 142),
(82, 'Mueble', 151, 142),
(83, 'Especificación de Mueble', 141, 145),
(84, 'Especificación de Mueble', 142, 145),
(85, 'Mueble', 144, 142),
(86, 'Mueble', 145, 142),
(87, 'Mueble por Ambiente', 144, 148),
(88, 'Muebles por Ambiente', 145, 148),
(89, 'Especificación de Mueble', 147, 145),
(90, 'Especificación de Mueble', 148, 145),
(91, 'Ambiente por Tipo de Inmueble', 147, 21),
(92, 'Ambiente por Tipo de Inmueble', 148, 21),
(93, 'Muebles por Ambiente', 20, 148),
(94, 'Muebles por Ambiente', 21, 148),
(95, 'Medio Especifico', 167, 180),
(96, 'Medio Especifico', 168, 180),
(97, 'Alianza', 179, 168),
(98, 'Alianza', 180, 168),
(99, 'Medio Especifico', 176, 180),
(100, 'Medio Especifico', 177, 180),
(101, 'Medio', 179, 177),
(102, 'Medio', 180, 177),
(103, 'Medio Especifico', 185, 180),
(104, 'Medio Especifico', 186, 180),
(105, 'Tipo de Referido', 179, 186),
(106, 'Tipo de Referido', 180, 186),
(107, 'Alianza', 173, 168),
(108, 'Alianza', 174, 168),
(109, 'Institución ', 167, 174),
(110, 'Institución', 168, 174),
(111, 'Institución', 182, 174),
(112, 'Institución', 183, 174),
(113, 'Persona Aliada', 173, 183),
(114, 'Persona Aliada', 174, 183),
(115, 'Persona Aliada', 170, 183),
(116, 'Persona Aliada', 171, 183),
(117, 'Fuente de Promoción', 182, 171),
(118, 'Fuente de Promoción', 183, 171),
(119, 'Medio Especifico', 170, 180),
(120, 'Medio Especifico', 171, 180),
(121, 'Fuente de Promoción', 179, 171),
(122, 'Fuente de Promoción', 180, 171),
(123, 'Fuente de Promoción', 185, 171),
(124, 'Fuente de Promoción', 186, 171),
(125, 'Tipo de Referido', 170, 186),
(126, 'Tipo de Referido', 171, 186),
(127, 'Cliente', 179, 25),
(128, 'Cliente', 180, 25),
(129, 'Barrio', 179, 13),
(130, 'Barrio', 180, 13),
(131, 'Complejidad del Servicio', 189, 193),
(132, 'Complejidad del Servicio', 190, 193),
(133, 'Servicio', 192, 190),
(134, 'Servicio', 193, 190),
(135, 'Servicio', 198, 190),
(136, 'Servicio', 199, 190),
(137, 'Precio del Servicio', 189, 199),
(138, 'Precio del Servicio', 190, 199),
(139, 'Servicio', 195, 190),
(140, 'Servicio', 196, 190),
(141, 'Herramientas por Servicio', 189, 196),
(142, 'Herramientas por Servicio', 190, 196),
(143, 'Herramientas por Servicio', 110, 196),
(144, 'Herramientas por Servicio', 111, 196),
(145, 'Herramienta', 195, 111),
(146, 'Herramienta', 196, 111),
(147, 'Documentos del Talonario', 202, 206),
(148, 'Documentos del Talonario', 203, 206),
(149, 'Talonario', 205, 203),
(150, 'Talonario', 206, 203),
(151, 'Talonario', 208, 203),
(152, 'Talonario', 209, 203),
(153, 'Tipo de Documentos Impresos', 202, 209),
(154, 'Tipo de Documentos Impresos', 203, 209),
(155, 'Cargo', 215, 213),
(156, 'Cargo', 216, 213),
(157, 'Trabajador', 212, 216),
(158, 'Trabajador', 213, 216),
(159, 'Detalle del Vehiculo', 219, 226),
(160, 'Detalle del Vehiculo', 220, 226),
(161, 'Vehiculo', 225, 220),
(162, 'Vehiculo', 226, 220),
(163, 'Detalle del Vehiculo', 222, 226),
(164, 'Detalle del Vehiculo', 223, 226),
(165, 'Chofer Asignado', 225, 223),
(166, 'Chofer Asignado', 226, 223),
(167, 'Menú', 134, 132),
(168, 'Menú', 135, 132),
(169, 'Favoritos', 131, 135),
(170, 'Favoritos', 132, 135),
(171, 'Menú', 137, 132),
(172, 'Menú', 138, 132),
(173, 'Relación', 131, 138),
(174, 'Relación', 132, 138);

--
-- Inserting data into table premisas_variantevisual
--
INSERT INTO premisas_variantevisual(id, nombre, model, usuario_id) VALUES
(1, 'ciudad001', 'ciudad', 1),
(2, 'ciudad002', 'ciudad', 2);

--
-- Inserting data into table premisas_variantevisualdetalle
--
INSERT INTO premisas_variantevisualdetalle(id, campo, visibilidad, variante_visual_id) VALUES
(1, 'pais', 1, 1),
(2, 'provincia', 1, 1),
(3, 'pais', 1, 2),
(4, 'provincia', 1, 2),
(5, 'ciudad', 1, 2);


--
-- Enable foreign keys
--
/*!40014 SET FOREIGN_KEY_CHECKS=@OLD_FOREIGN_KEY_CHECKS */;
